2023-08-14,$AMZN,0.9806,https://www.marketwatch.com/story/teppers-appaloosa-places-big-bets-on-apple-and-ai-chipmakers-nvidia-and-amd-while-dropping-tesla-896ab420,": Tepper’s Appaloosa places big bets on Apple and AI chipmakers Nvidia and AMD, while dropping Tesla"
2023-08-14,$AMZN,0.9122,https://www.marketwatch.com/story/more-than-227-000-global-tech-workers-have-lost-their-jobs-so-far-this-year-7ab543a6,": More than 227,000 global tech workers have lost their jobs so far this year"
2023-08-14,$AMZN,0.9939,https://www.marketwatch.com/story/dan-loebs-third-point-wagers-on-nvidia-amazon-uber-with-new-positions-3ca0a6a8,": Dan Loeb’s Third Point wagers on Nvidia, Amazon, Uber with new positions"
2023-08-16,$AMZN,0.8608,https://www.marketwatch.com/story/profit-at-worlds-biggest-sovereign-wealth-fund-comes-roaring-back-thanks-to-tech-and-ai-8353491b,: Profit at world’s biggest sovereign-wealth fund comes roaring back thanks to tech and AI
2023-08-05,$AMZN,-0.9861,https://biztoc.com/x/dcfcfc7cb6be72b0,5 ETFs to Profit from Amazon’s Q2 Earnings Beat
2023-08-03,$AMZN,0.9999,https://consent.google.com/ml?continue=https://news.google.com/rss/articles/CBMiSGh0dHBzOi8vd3d3LmNuYmMuY29tLzIwMjMvMDgvMDMvYW1hem9uLWFtem4tcTItZWFybmluZ3MtcmVwb3J0LTIwMjMuaHRtbNIBAA?oc%3D5&gl=FR&hl=en-US&cm=2&pc=n&src=1,Amazon (AMZN) Q2 earnings report 2023 - CNBC
2023-08-04,$AMZN,-0.9861,https://biztoc.com/x/d6c72f9057fff49c,"Movers & Shakers: Amazon shares pop but Apple’s dip, and other movers"
2023-07-23,$AMZN,-0.431,https://consent.google.com/ml?continue=https://news.google.com/rss/articles/CBMiX2h0dHBzOi8vd3d3LmZ4c3RyZWV0LmNvbS9uZXdzL2VsbGlvdHQtd2F2ZS1hbmFseXNpcy1hbXpuLWFuZC10b3AtdGVjaC1zdG9ja3MtdmlkZW8tMjAyMzA3MjMyMjQ30gFjaHR0cHM6Ly93d3cuZnhzdHJlZXQuY29tL2FtcC9uZXdzL2VsbGlvdHQtd2F2ZS1hbmFseXNpcy1hbXpuLWFuZC10b3AtdGVjaC1zdG9ja3MtdmlkZW8tMjAyMzA3MjMyMjQ3?oc%3D5&gl=FR&hl=en-US&cm=2&pc=n&src=1,Elliott Wave analysis: AMZN and top tech stocks [Video] - FXStreet
2023-07-21,$AMZN,0.884,https://consent.google.com/ml?continue=https://news.google.com/rss/articles/CBMicGh0dHBzOi8vd3d3LmJsb29tYmVyZy5jb20vbmV3cy9hcnRpY2xlcy8yMDIzLTA3LTIxL2J1bGxpc2gtb3B0aW9uLXN0cmF0ZWdpZXMtYmV0LXRoYXQtYmlnLXRlY2gtd2lsbC1ncmluZC1oaWdoZXLSAQA?oc%3D5&gl=FR&hl=en-US&cm=2&pc=n&src=1,"Some Options Investors Are Betting Big Tech Stocks (AMZN, MSFT ... - Bloomberg"
2023-08-03,$AMZN,-0.9861,https://biztoc.com/x/f77774060d9ded4c,Doritos And Diet Coke At Your Fingertips: Amazon To Revamp Grocery Business With Whole Foods Market
2023-08-03,$AMZN,-0.9861,https://biztoc.com/x/b383d2cf7cd293d5,The 'stabilization' of AWS may have been the most significant number for Amazon's earnings
2023-08-05,$AMZN,-0.9861,https://biztoc.com/x/bef987dcd02abe30,‘Big Tech’ Earnings Review: ETFs in Focus
2023-08-08,$AMZN,0.5859,https://biztoc.com/x/702050c10e937960,Amazon Under Fire For Allegedly Hosting AI-Authored Books Under Human Author's Name
2023-08-20,$AMZN,-0.5423,https://biztoc.com/x/d9cd813f3fe700a7,"Amazon Worker Has A Witty Take On Return-To-Office Policy - Alphabet (NASDAQ:GOOG), Alphabet (NASDAQ:GOOG"
2023-08-06,$AMZN,-0.9861,https://biztoc.com/x/193d716aa24120d3,"Earnings have beaten Wall Street estimates by more than usual in the second quarter, but the third quarter isn't looking great"
2023-08-04,$AMZN,-0.9861,https://biztoc.com/x/02710bd3a4c1985a,Amazon's Premarket Power-Up: Why Stock Is On Track To Hit Year's High
2023-08-02,$AMZN,-0.9861,https://biztoc.com/x/ce10537a43086705,Indian Cricket Board Reaches Out to Amazon and Alphabet to Boost Interest in Media Rights Auction
2023-07-31,$AMZN,-0.9861,https://biztoc.com/x/7a9a762b0341d578,Earnings Outlook: Amazon earnings preview: All eyes on retail and AWS growth
2023-08-14,$AMZN,0.743,https://biztoc.com/x/80c0b43929e427ed,"Dan Loeb’s Third Point wagers on Nvidia, Amazon, Uber with new positions"
2023-08-10,$AMZN,0.997,https://www.marketwatch.com/story/the-problems-with-cash-stuffing-7f3a13e1,NerdWallet: The problems with cash-stuffing
2023-07-27,$AMZN,0.8964,https://www.marketwatch.com/story/shunned-commodity-etfs-starting-to-perk-up-as-fed-watches-grain-prices-d2ac0c58,ETF Wrap: Shunned commodity ETFs starting to ‘perk up’ as Fed watches grain prices
2023-08-02,$AMZN,-0.9861,https://biztoc.com/x/da8b665a8617050e,"Amazon to open robotics-backed fulfilment centre in Southwold, Ont., later this year"
2023-08-18,$AMZN,0.9979,https://finance.yahoo.com/news/amazon-com-amzn-outperformed-improving-104156056.html,Amazon.com (AMZN) Outperformed on Improving Investor Perception
2023-08-08,$AMZN,0.9969,https://finance.yahoo.com/news/amazon-com-amzn-bounced-back-095301799.html,Amazon.com (AMZN) Bounced Back from Difficult 2022
2023-07-25,$AMZN,0.9999,https://consent.google.com/ml?continue=https://news.google.com/rss/articles/CBMiZWh0dHBzOi8vd3d3LmNuYmMuY29tLzIwMjMvMDcvMjUvc3RvY2tzLW1ha2luZy10aGUtYmlnZ2VzdC1tb3Zlcy1hZnRlci1ob3Vycy1tc2Z0LWdvb2dsLXNuYXAtdGRvYy5odG1s0gFpaHR0cHM6Ly93d3cuY25iYy5jb20vYW1wLzIwMjMvMDcvMjUvc3RvY2tzLW1ha2luZy10aGUtYmlnZ2VzdC1tb3Zlcy1hZnRlci1ob3Vycy1tc2Z0LWdvb2dsLXNuYXAtdGRvYy5odG1s?oc%3D5&gl=FR&hl=en-US&cm=2&pc=n&src=1,"Stocks making the biggest moves after hours: Microsoft, Alphabet, Snap, Teladoc and more - CNBC"
2023-08-11,$AMZN,0.9955,https://finance.yahoo.com/news/rivian-seems-resolved-biggest-money-152613071.html,Rivian Seems To Have Resolved Its Biggest Money-Draining Issues
2023-08-09,$AMZN,0.9957,https://finance.yahoo.com/news/etsy-got-punished-being-cautious-164237584.html,Etsy Got Punished For Being Cautious But It Needs To Work Harder To Preserve Its Human Touch Superpower
2023-08-18,$AMZN,0.9992,https://finance.yahoo.com/news/2-top-ranked-pioneering-tech-220200322.html,2 Top-Ranked Pioneering Tech Stocks to Buy and Hold Forever
2023-08-04,$AMZN,0.9949,https://finance.yahoo.com/news/apples-cautiously-navigating-no-mans-144641650.html,Apple's Cautiously Navigating Through No Man's Land Amid A Maturing Smartphone Market And Upcoming AI Innovations
2023-08-04,$AMZN,0.9731,https://finance.yahoo.com/news/stock-market-today-markets-churn-201355474.html,"Stock Market Today: Markets Churn After July Jobs Report, Amazon Soars on Q2 Earnings"
2023-08-04,$AMZN,0.9985,https://finance.yahoo.com/news/amazon-knocked-q2-park-142058577.html,Amazon Knocked Q2 Out Of The Park
2023-08-08,$AMZN,0.9908,https://finance.yahoo.com/news/role-ai-outperformance-amazon-com-115035181.html,Role of AI in the Outperformance of Amazon.com (AMZN)
2023-08-04,$AMZN,0.9976,https://finance.yahoo.com/news/amazon-com-inc-amzn-modestly-163346896.html,Is Amazon.com Inc (AMZN) a Modestly Undervalued Gem?
2023-07-24,$AMZN,0.9964,https://finance.yahoo.com/news/makes-amazon-com-amzn-attractive-081001035.html,What Makes Amazon.com (AMZN) an Attractive Investment Bet?
2023-07-26,$AMZN,0.6249,https://consent.google.com/ml?continue=https://news.google.com/rss/articles/CBMiTWh0dHBzOi8vd3d3LmJhcnJvbnMuY29tL2FydGljbGVzL2FscGhhYmV0LXNuYXAtc3RvY2stYWR2ZXJ0aXNpbmctdGVjaC1lNjg3ZGMw0gFRaHR0cHM6Ly93d3cuYmFycm9ucy5jb20vYW1wL2FydGljbGVzL2FscGhhYmV0LXNuYXAtc3RvY2stYWR2ZXJ0aXNpbmctdGVjaC1lNjg3ZGMw?oc%3D5&gl=FR&hl=en-US&cm=2&pc=n&src=1,"Alphabet Stock Surges, Snap Tumbles. Why There's a Split in Advertising. - Barron's"
2023-07-28,$AMZN,0.9983,https://finance.yahoo.com/news/amazon-com-inc-amzn-significantly-163855199.html,Is Amazon.com Inc (AMZN) Significantly Undervalued? A Comprehensive GF Value Analysis
2023-08-03,$AMZN,0.6249,https://consent.google.com/ml?continue=https://news.google.com/rss/articles/CBMiRWh0dHBzOi8vd3d3LmJhcnJvbnMuY29tL2FydGljbGVzL2FtYXpvbi1lYXJuaW5ncy1zdG9jay1wcmljZS0xNzNhMjE2ZNIBSWh0dHBzOi8vd3d3LmJhcnJvbnMuY29tL2FtcC9hcnRpY2xlcy9hbWF6b24tZWFybmluZ3Mtc3RvY2stcHJpY2UtMTczYTIxNmQ?oc%3D5%26hl%3Den-CA%26gl%3DCA%26ceid%3DCA:en&gl=FR&hl=en-CA&cm=2&pc=n&src=1,Amazon Stock Jumps on Strong Earnings. There's Good News from AWS. - Barron's
2023-08-06,$AMZN,0.9964,https://www.forbes.com/sites/bill_stone/2023/08/06/stocks-decline-as-yields-rise-and-earnings-bottom/,Stocks Decline As Yields Rise And Earnings Bottom
2023-07-27,$AMZN,0.9917,https://www.coindesk.com/business/2023/07/27/amazon-expands-managed-blockchain-services/,Amazon Expands Managed Blockchain Services
2023-07-24,$AMZN,0.2263,https://finance.yahoo.com/news/stocks-rise-to-kick-off-big-week-with-earnings-fed-decision-stock-market-news-today-200040297.html,"Stocks rise to kick off big week with earnings, Fed decision: Stock market news today"
2023-08-09,$AMZN,0.8636,https://hk.news.yahoo.com/%E5%A8%81%E9%99%A2heart-team%E6%B8%9B%E5%85%A7%E5%A4%96%E7%A7%91%E4%BE%86%E5%9B%9E%E8%A6%86%E8%A8%BA%E6%AC%A1%E6%95%B8-%E6%82%A3%E8%80%85%E7%95%99%E9%99%A2%E8%87%B3%E6%89%8B%E8%A1%93%E6%97%A5%E6%95%B8%E6%B8%9B%E5%9B%9B%E5%88%86-203044489.html,威院HEART Team減內外科來回覆診次數 患者留院至手術日數減四分一
2023-08-09,$AMZN,0.0,https://hk.news.yahoo.com/%E8%A3%9C%E7%BF%92%E7%A4%BE%E6%8E%A5%E5%8F%97%E9%A0%90%E7%B9%B3%E5%AD%B8%E8%B2%BB%E6%8F%9B%E5%84%AA%E6%83%A0-%E6%88%96%E6%B6%89%E9%81%95%E6%95%99%E8%82%B2%E8%A6%8F%E4%BE%8B-000001960.html,補習社接受預繳學費換優惠　或涉違教育規例
2023-08-09,$AMZN,0.5719,https://hk.news.yahoo.com/%E5%86%A0%E5%BF%83%E7%97%85%E5%A4%9A%E5%85%83%E6%B2%BB%E7%99%82%E5%9C%98%E9%9A%8A-%E8%B7%A8%E5%B0%88%E7%A7%91%E5%90%88%E4%BD%9C%E7%8D%B2%E5%98%89%E8%A8%B1-214500538.html,冠心病多元治療團隊 跨專科合作獲嘉許
2023-08-09,$AMZN,0.0,https://hk.news.yahoo.com/%E6%8C%89%E5%B9%B4%E5%9B%9E%E8%90%BD-%E5%9F%BA%E6%95%B8%E6%95%88%E6%87%89%E5%BD%B1%E9%9F%BF%E5%B1%AC%E9%9A%8E%E6%AE%B5%E6%80%A7-cpi%E8%B7%8C0-3-%E5%85%A9%E5%B9%B4%E5%8D%8A%E9%A6%96%E9%99%B7%E9%80%9A%E7%B8%AE-203025984.html,按年回落｜基數效應影響屬階段性 CPI跌0.3% 兩年半首陷通縮
2023-08-09,$AMZN,0.0,https://hk.news.yahoo.com/%E8%AD%B0%E5%93%A1%E4%BF%83%E9%83%B5%E8%BC%AA%E7%A2%BC%E9%A0%AD%E5%A2%9E%E9%80%A3%E6%8E%A5%E5%B7%A5%E5%85%B7-214500300.html,議員促郵輪碼頭增連接工具
2023-08-09,$AMZN,0.0,https://hk.news.yahoo.com/%E5%81%87%E7%B5%90%E5%A9%9A%E5%AE%97%E6%95%B8%E6%8C%89%E5%B9%B4%E9%A3%8688-214500335.html,假結婚宗數按年飆88％
2023-08-09,$AMZN,0.0,https://hk.news.yahoo.com/%E6%94%BF%E5%95%86%E9%84%89%E9%BB%91%E8%AC%80%E8%87%AA%E8%82%A5-%E5%8C%97%E9%83%BD%E9%A0%88%E9%80%8F%E6%98%8E%E6%89%B9%E5%9C%B0-214500329.html,政商鄉黑謀自肥 北都須透明批地
2023-08-09,$AMZN,0.0,https://hk.news.yahoo.com/%E5%85%A5%E5%A2%83%E8%99%95%E7%A0%B4%E9%80%BE40%E5%AE%97%E8%B7%A8%E5%A2%83%E5%81%87%E7%B5%90%E5%A9%9A-%E6%B6%89%E6%AC%BE500%E8%90%AC%E7%94%B7%E4%B8%BB%E8%85%A6%E8%90%BD%E7%B6%B2-214500661.html,入境處破逾40宗跨境假結婚 涉款500萬男主腦落網
2023-08-09,$AMZN,0.0,https://hk.news.yahoo.com/%E9%99%B3%E5%B8%86-%E6%93%B1%E7%BD%AE%E5%96%AE%E8%BB%8C%E5%88%97%E8%BB%8A-%E7%84%A1%E5%8A%A9%E7%B4%93%E7%B7%A9%E4%BA%A4%E9%80%9A%E4%BA%82%E8%B1%A1-214500809.html,陳帆：擱置單軌列車 無助紓緩交通亂象
2023-07-24,$AMZN,-0.9739,https://www.forbes.com/sites/tomaspray/2023/07/24/the-hot-nasdaq-100-list-to-watch/,The New Nasdaq 100 List To Watch
2023-08-06,$AMZN,0.9997,https://www.forbes.com/sites/jennmcmillen/2023/08/06/what-amazon-fresh-for-all-might-mean-for-prime-members/,What Amazon Fresh ‘For All’ Might Mean For Prime Members
2023-07-31,$AMZN,0.9996,https://www.marketwatch.com/story/its-still-the-summer-of-hulu-heres-what-else-is-worth-streaming-in-august-2023-54e55309,What's Worth Streaming: It’s still the summer of Hulu; here’s what else is worth streaming in August 2023
2023-08-03,$AMZN,0.9741,https://finance.yahoo.com/news/amazon-blows-past-eps-estimates-210715097.html,"Amazon blows past EPS estimates, shares rise"
2023-07-26,$AMZN,0.998,https://www.forbes.com/sites/markfaithfull/2023/07/26/amazon-cashes-out-of-its-first-checkout-free-uk-store/,Amazon Cashes Out Of Its First Checkout-Free U.K. Store
2023-08-21,$AMZN,0.9942,https://www.marketwatch.com/story/why-amazon-is-this-analysts-top-internet-stock-pick-d8262ca4,The Ratings Game: Why Amazon is this analyst’s top internet stock pick
2023-08-24,$AMZN,0.875,https://biztoc.com/x/fe9f7c4f3a8a33b7,2 Bull Call Spread Trade Ideas For AMZN This Thursday
2023-08-28,$AMZN,0.9988,https://finance.yahoo.com/news/amazon-com-inc-amzn-deep-161106287.html,Amazon.com Inc (AMZN): A Deep Dive into Financial Metrics and Competitive Strengths
2023-08-24,$AMZN,0.9961,https://finance.yahoo.com/news/why-amazon-amzn-outperformed-q2-065918614.html,Here’s Why Amazon (AMZN) Outperformed in Q2
2023-08-21,$AMZN,0.9967,https://finance.yahoo.com/news/snaps-ai-bug-raises-concerns-193842931.html,Snap's AI Bug Raises Concerns About The Pitfalls Of Generative AI
2023-08-27,$AMZN,-0.0754,https://www.forbes.com/sites/greatspeculations/2023/08/27/stocks-this-week-a-nasdaq-september-strategy/,Stocks This Week: A NASDAQ September Strategy
2023-08-23,$AMZN,0.9931,https://finance.yahoo.com/news/believe-long-term-growth-potential-074449557.html,Do You Believe in the Long-Term Growth Potential of Amazon.com (AMZN)?
2023-08-27,$AMZN,-0.9941,https://www.marketwatch.com/story/heres-everything-coming-to-amazons-prime-video-in-september-2023-5c20e664,What's Worth Streaming: Here’s everything coming to Amazon’s Prime Video in September 2023
2023-08-02,$AMZN,0.965,https://www.ozbargain.com.au/node/791660,Tiger Brokers - Get 5 Fractional Shares Totaling USD 50 When Fund Your Account from AUD 500
2023-08-07,$AMZN,0.9878,https://www.forbes.com/sites/greatspeculations/2023/08/07/amazon-stock-surpassed-the-street-expectations-in-q2/,Amazon Stock Surpassed The Street Expectations In Q2
2023-08-02,$AMZN,0.6249,https://www.barrons.com/articles/shopify-earnings-stock-outlook-d969fac1,Shopify Earnings Top Estimates. Management Is Upbeat.
2023-07-31,$AMZN,0.9944,https://www.coindesk.com/markets/2023/07/31/crypto-catalysts-jobs-data-to-highlight-the-weeks-releases/,Crypto Catalysts: Jobs Data to Highlight the Week’s Macro Releases
2023-08-18,$AMZN,0.9942,https://finance.yahoo.com/news/cvs-stock-tumbles-after-ca-blue-shield-shakeup-analysts-call-the-move-nonsensical-174803497.html,CVS stock tumbles after CA Blue Shield shakeup. Analysts call the move 'nonsensical'
2023-08-01,$AMZN,0.8225,https://finance.yahoo.com/news/stocks-diverge-to-start-august-after-hot-july-stock-market-news-today-200104324.html,Stocks diverge to start August after hot July: Stock market news today
2023-08-14,$AMZN,0.9887,https://finance.yahoo.com/news/daniel-loeb-exits-colgate-palmolive-230140270.html,"Daniel Loeb Exits Colgate-Palmolive, Enters Amazon Holding"
2023-08-21,$AMZN,0.9988,https://finance.yahoo.com/news/amd-strengthens-amazons-ec2-instances-164000842.html,AMD Strengthens Amazon's EC2 Instances With EPYC Processors
2023-08-03,$AMZN,0.9899,https://finance.yahoo.com/news/stock-market-today-stocks-barely-201503017.html,"Stock Market Today: Stocks Barely Budge Ahead of Apple, Amazon Earnings"
2023-08-04,$AMZN,-0.5423,https://dinheirama.com/amazon-lanca-na-proxima-semana-cartao-de-credito-no-brasil-com-bradesco/,Amazon lança na próxima semana cartão de crédito no Brasil com Bradesco
2023-08-24,$AMZN,-0.4939,https://dinheirama.com/amazon-esta-em-conversas-com-disney-para-parceria-de-streaming-com-espn-diz-site/,Amazon está em conversas com Disney para parceria de streaming com ESPN
2023-08-24,$AMZN,0.9995,https://www.forbes.com/sites/gurufocus/2023/08/24/seth-klarman-buys-amazon-curbs-2-top-holdings-in-2nd-quarter/,"Seth Klarman Buys Amazon, Curbs 2 Top Holdings In 2nd Quarter"
2023-08-04,$AMZN,-0.5423,https://finance.yahoo.com/news/stocks-look-for-rebound-as-amazon-surges-jobs-report-looms-stock-market-news-today-115236282.html,"Stocks look for rebound as Amazon surges, jobs report looms: Stock market news today"
2023-07-31,$AMZN,0.962,https://finance.yahoo.com/news/stock-futures-meander-in-run-up-to-tech-results-jobs-report-stock-market-news-today-105316892.html,"Stock futures meander in run-up to tech results, jobs report: Stock market news today"
2023-08-15,$AMZN,0.9232,https://finance.yahoo.com/news/amazon-unveils-deferred-ground-delivery-184629584.html,Amazon unveils deferred ground delivery service
2023-08-04,$AMZN,0.0,https://tw.stock.yahoo.com/news/%E7%9B%A4%E4%B8%AD%E9%80%9F%E5%A0%B1-%E4%BA%9E%E9%A6%AC%E9%81%9C-amzn-us-%E8%82%A1%E5%83%B9%E5%A4%A7%E6%BC%B2%E8%87%B3140-140034508.html,盤中速報 - 亞馬遜(AMZN-US)股價大漲至140.2700元，漲幅達8.81%
2023-08-10,$AMZN,0.9995,https://finance.yahoo.com/news/23-most-gay-friendly-cities-200422987.html,23 Most Gay Friendly Cities in the US
2023-07-31,$AMZN,0.9319,https://finance.yahoo.com/news/stocks-rise-in-run-up-to-tech-results-jobs-report-stock-market-news-today-133324093.html,"Stocks rise in run-up to tech results, jobs report: Stock market news today"
2023-08-03,$AMZN,0.9956,https://www.forbes.com/sites/jonmarkman/2023/08/02/chatgpt-microsofts-secret-weapon-for-a-315-share-price/,ChatGPT: Microsoft's Secret Weapon For A $315 Share Price!
2023-07-30,$AMZN,0.998,https://www.forbes.com/sites/bill_stone/2023/07/30/gdp-report-makes-a-case-for-the-earnings-bottoming/,GDP Report Makes A Case For Earnings Bottoming
2023-08-07,$AMZN,0.9845,https://www.forbes.com/sites/jonmarkman/2023/08/07/here-is-what-the-stripe-deal-means-for-amazon/,Here Is What The Stripe Deal Means For Amazon
2023-08-09,$AMZN,0.0,https://tw.news.yahoo.com/200%E5%B9%B4%E9%87%8D%E7%8F%BE%E6%9C%9F%E6%9A%B4%E9%9B%A8%E9%87%8D%E5%89%B5%E5%8D%97%E6%8A%95-%E5%A5%A7%E8%90%AC%E5%A4%A7%E6%9C%80%E5%BF%AB10%E6%9C%88%E9%96%8B%E6%94%BE-201000458.html,200年重現期暴雨重創南投 奧萬大最快10月開放
2023-08-09,$AMZN,0.0,https://tw.news.yahoo.com/%E8%8A%B15%E5%B9%B4%E4%BF%AE%E8%88%8A%E5%A6%82%E8%88%8A-%E6%9C%B4%E5%AD%90%E6%B0%B4%E9%81%93%E9%A0%AD%E9%A2%A8%E9%87%87%E9%87%8D%E7%8F%BE-201000892.html,花5年修舊如舊 朴子水道頭風采重現
2023-08-09,$AMZN,0.0,https://tw.news.yahoo.com/%E9%B7%84%E7%B1%A0%E4%B8%AD%E5%85%83%E7%A5%AD-%E5%BA%9C%E6%9C%83%E7%9B%B8%E7%B4%84%E8%8A%B1%E8%BB%8A%E6%8B%9A%E9%AB%98%E4%B8%8B-201000602.html,鷄籠中元祭 府會相約花車拚高下
2023-08-09,$AMZN,0.6369,https://tw.news.yahoo.com/%E5%B0%8F%E6%A0%A1%E6%98%AF%E5%90%A6%E8%A3%81%E4%BD%B5-%E5%BC%B5%E9%BA%97%E5%96%84-%E5%B0%8A%E9%87%8D%E5%AE%B6%E9%95%B7%E6%84%8F%E8%A6%8B-201000283.html,小校是否裁併 張麗善：尊重家長意見
2023-08-09,$AMZN,0.0,https://tw.news.yahoo.com/%E6%B6%89%E7%B7%9A%E4%B8%8A%E5%8D%9A%E5%BC%88-%E8%A9%90%E6%AC%BA%E7%AD%89%E7%BD%AA-88%E6%9C%83%E9%A4%A8%E8%B2%A0%E8%B2%AC%E4%BA%BA%E9%83%AD%E5%93%B2%E6%95%8F%E6%B3%B0%E5%9C%8B%E8%90%BD%E7%B6%B2-%E4%B8%8B%E5%8D%88%E6%8A%BC%E8%A7%A3%E5%9B%9E%E5%8F%B0-051115053.html,涉線上博弈、詐欺等罪 88會館負責人郭哲敏泰國落網「下午押解回台」
2023-07-30,$AMZN,0.9989,https://www.forbes.com/sites/christopherwalton/2023/07/30/schnucks-out-innovating-amazon-walmart-and-everybody-else-in-grocery/,"Schnucks: Out-Innovating Amazon, Walmart And Everybody Else In Grocery"
2023-08-07,$AMZN,-0.8481,https://dinheirama.com/para-antecipar-lancamento-de-satelites-amazon-troca-de-foguete-pela-segunda-vez/,Para antecipar lançamento de satélites e Amazon troca de foguete pela segunda vez
2023-08-09,$AMZN,0.0,https://tw.news.yahoo.com/%E6%96%B0%E5%8C%97%E6%B1%90%E6%AD%A2%E5%87%8C%E6%99%A8ktv%E8%A1%9D%E7%AA%81-%E7%94%B7%E5%AD%90%E9%81%AD2%E6%83%A1%E7%85%9E%E5%9C%8D%E6%AF%86-003455234.html,新北汐止凌晨KTV衝突 男子遭2惡煞圍毆
2023-08-09,$AMZN,0.0,https://tw.news.yahoo.com/%E7%92%B0%E7%BD%B2%E7%A0%B816%E5%84%84-%E5%8A%A9%E6%8B%8624%E8%90%AC%E6%A3%9F%E7%9F%B3%E7%B6%BF%E7%93%A6%E5%B1%8B-201000920.html,環署砸16億 助拆24萬棟石綿瓦屋
2023-08-09,$AMZN,0.3818,https://tw.news.yahoo.com/%E6%A9%9F%E6%8D%B7%E5%96%AE%E6%97%A5%E7%A0%B410%E8%90%AC%E4%BA%BA%E6%AC%A1-%E7%8F%AD%E8%B7%9D%E7%B8%AE%E7%9F%AD15%E5%88%86%E9%90%98-201000552.html,機捷單日破10萬人次 班距縮短15分鐘
2023-08-09,$AMZN,0.6696,https://tw.news.yahoo.com/%E5%BB%BA%E4%B8%AD%E6%B1%B0%E6%8F%9B%E6%A1%8C%E6%A4%85-%E6%95%99%E8%82%B2%E5%B1%80%E5%8F%AB%E5%AE%B6%E9%95%B7%E6%9C%83%E5%87%BA%E9%8C%A2%E6%8C%A8%E6%89%B9-201000027.html,建中汰換桌椅 教育局叫家長會出錢挨批
2023-08-09,$AMZN,0.0,https://tw.news.yahoo.com/%E5%8F%B0%E5%8D%97%E4%BA%82%E5%80%92%E5%BB%A2%E5%9C%9F%E6%A1%88%E5%86%A0%E5%85%A8%E5%9C%8B-%E8%AD%B0%E5%93%A1%E4%BF%83%E9%87%8D%E7%BD%B0-201000643.html,台南亂倒廢土案冠全國 議員促重罰
2023-08-09,$AMZN,0.6369,https://tw.news.yahoo.com/%E9%95%B7%E6%9C%9F%E6%9C%AA%E6%B8%85%E8%80%B3%E5%9E%A2-%E8%87%A5%E5%BA%8A%E5%A9%A6%E8%80%B3%E6%9C%B5%E7%AB%9F%E6%8A%93%E5%87%BA7%E9%9A%BB%E8%9B%86-201000711.html,長期未清耳垢 臥床婦耳朵竟抓出7隻蛆
2023-08-09,$AMZN,0.6369,https://tw.news.yahoo.com/%E6%96%B0%E5%8C%974%E6%88%90%E5%BA%87%E8%AD%B7%E5%B7%A5%E5%A0%B4%E8%99%A7%E6%90%8D-%E8%AA%BF%E8%96%AA4-%E7%95%99%E4%BA%BA-201000547.html,新北4成庇護工場虧損 調薪4％留人
2023-08-09,$AMZN,0.8491,https://tw.news.yahoo.com/%E9%AB%98%E5%B8%82%E8%A7%80%E5%85%89%E5%B1%80%E5%A4%A7%E9%A6%AC%E6%8B%9A%E8%A7%80%E5%85%89-%E7%A5%AD%E5%9C%8B%E9%9A%9B%E5%9C%98%E8%A3%9C%E5%8A%A9-201000565.html,高市觀光局大馬拚觀光 祭國際團補助
2023-08-09,$AMZN,0.0,https://tw.news.yahoo.com/%E8%8A%B1%E8%93%AE-%E6%97%A9%E5%B9%B4%E9%98%BF%E7%BE%8E%E6%97%8F%E5%A9%A6%E5%A5%B3%E6%84%9B%E7%A9%BF%E9%BB%91-%E7%82%BA%E5%8B%9E%E8%BB%8D%E6%94%B9%E7%A9%BF%E7%B4%85-201000737.html,花蓮 早年阿美族婦女愛穿黑 為勞軍改穿紅
2023-08-09,$AMZN,0.6369,https://tw.news.yahoo.com/%E5%BD%AD%E4%BD%9C%E5%AE%8F%E5%82%B3%E6%89%BF%E5%8C%97%E5%9F%94%E6%AD%A6%E8%A1%93-3%E6%A0%A1%E5%A5%AA4%E9%87%91-201000331.html,彭作宏傳承北埔武術 3校奪4金
2023-08-09,$AMZN,0.6369,https://tw.news.yahoo.com/%E6%9F%B3%E7%87%9F%E8%A8%AD%E5%84%B2%E8%83%BD%E5%A0%B4-%E7%95%B6%E5%9C%B0%E6%B0%91%E7%9C%BE%E5%8F%8D%E5%B0%8D%E5%88%B0%E5%BA%95-201000107.html,柳營設儲能場 當地民眾反對到底
2023-08-09,$AMZN,0.6369,https://tw.news.yahoo.com/%E5%8F%8D%E5%B0%8D%E7%AB%B9%E5%A5%B3%E6%94%B9%E9%9A%B8%E9%80%A3%E7%BD%B25000%E4%BB%BD-8%E6%9C%8811%E6%97%A5%E6%A0%A1%E9%96%80%E8%A6%8B-201000650.html,反對竹女改隸連署5000份 8月11日校門見
2023-08-09,$AMZN,0.7906,https://tw.news.yahoo.com/%E6%B2%B3%E6%B5%B7%E9%9F%B3%E6%A8%82%E5%AD%A3%E5%91%A8%E5%85%AD%E9%96%8B%E5%94%B1-%E6%BC%81%E4%BA%BA%E7%A2%BC%E9%A0%AD%E5%97%A8%E7%BF%BB-201000153.html,河海音樂季周六開唱 漁人碼頭嗨翻
2023-08-09,$AMZN,0.0,https://tw.news.yahoo.com/%E5%BD%B0%E5%8C%96-%E5%85%A8%E8%88%88%E5%B7%A5%E6%A5%AD%E5%8D%802%E5%BB%A0%E5%95%86%E6%8E%92%E6%94%BE%E6%B1%99%E6%9F%93-%E5%B1%85%E6%B0%91%E5%8F%8D%E5%BD%88-201000947.html,彰化 全興工業區2廠商排放汙染 居民反彈
2023-08-09,$AMZN,0.0,https://tw.news.yahoo.com/%E9%AB%98%E9%9B%84%E5%B7%A5%E5%BB%A0%E5%81%B7%E5%9F%8B%E5%BB%A2%E6%BC%86%E6%B8%A3-%E7%92%B0%E4%BF%9D%E5%B1%80%E9%87%8D%E7%BD%B0-201000253.html,高雄工廠偷埋廢漆渣 環保局重罰
2023-08-09,$AMZN,0.6369,https://tw.news.yahoo.com/%E9%80%9F%E8%81%AF%E5%93%A1%E5%B7%A5%E6%8E%A7%E8%A2%AB%E8%BF%AB%E8%AA%BF%E7%8F%AD-%E5%8B%9E%E5%B7%A5%E5%B1%80%E4%B8%8B%E5%91%A8%E5%8D%94%E8%AA%BF-201000392.html,速聯員工控被迫調班 勞工局下周協調
2023-08-09,$AMZN,0.0,https://tw.news.yahoo.com/%E5%8E%84%E7%93%9C%E5%A4%9A%E7%B8%BD%E7%B5%B1%E5%80%99%E9%81%B8%E4%BA%BA%E9%81%AD%E6%9A%97%E6%AE%BA%E8%BA%AB%E4%BA%A1-%E7%94%9F%E5%89%8D%E6%9B%BE%E6%94%B6%E6%AD%BB%E4%BA%A1%E5%A8%81%E8%84%85-%E9%96%8B%E6%A7%8D%E5%AB%8C%E7%8A%AF%E5%82%B7%E9%87%8D%E4%B8%8D%E6%B2%BB-045913868.html,厄瓜多總統候選人遭暗殺身亡…生前曾收死亡威脅　開槍嫌犯傷重不治
2023-08-09,$AMZN,0.0,https://tw.news.yahoo.com/%E5%8C%97%E9%96%80%E5%BB%9F%E5%AE%87%E9%AC%A5%E6%AF%86%E9%82%84%E6%8A%BC%E4%BA%BA%E7%B0%BD10%E8%90%AC%E6%9C%AC%E7%A5%A8-%E5%8D%97%E8%AD%A6%E9%80%AE-%E5%AB%8C%E6%9F%A5%E7%8D%B2%E6%AF%92%E5%93%81-051902063.html,北門廟宇鬥毆還押人簽10萬本票 南警逮４嫌查獲毒品
2023-08-09,$AMZN,0.6369,https://tw.news.yahoo.com/%E9%AB%98%E9%9B%84%E5%A4%A7%E9%9B%A8%E4%B8%8D%E6%96%B7-%E9%83%A8%E5%88%86%E9%81%93%E8%B7%AF%E5%9B%A0%E5%AE%A3%E6%B4%A9%E4%B8%8D%E5%8F%8A%E5%87%BA%E7%8F%BE%E7%A9%8D%E6%B7%B9%E6%B0%B4-050837658.html,高雄大雨不斷 部分道路因宣洩不及出現積淹水
2023-08-09,$AMZN,0.0,https://tw.news.yahoo.com/%E7%A9%BA%E8%BB%8D%E5%A3%AB%E5%AE%98%E9%95%B7%E7%B6%A0%E5%B3%B6%E9%87%A3%E9%AD%9A%E5%A4%B1%E8%B9%A4-%E5%B2%B8%E9%82%8A%E5%83%85%E5%89%A9%E9%87%A3%E5%85%B7-%E6%B5%B7%E9%99%B8%E7%A9%BA%E6%8C%81%E7%BA%8C%E6%90%9C%E6%95%91-054510323.html,空軍士官長綠島釣魚失蹤　岸邊僅剩釣具！海陸空持續搜救
