2023-08-14,$MSFT,0.7351,https://www.marketwatch.com/story/teppers-appaloosa-places-big-bets-on-apple-and-ai-chipmakers-nvidia-and-amd-while-dropping-tesla-896ab420,": Tepper’s Appaloosa places big bets on Apple and AI chipmakers Nvidia and AMD, while dropping Tesla"
2023-07-22,$MSFT,0.0,https://srad.jp/story/23/07/22/0412204/,米連邦取引委員会、MicrosoftのActivision買収を阻止するための行政手続きを取り下げ
2023-07-30,$MSFT,0.0,https://it.srad.jp/story/23/07/30/0522215/,Microsoft、Xboxのリテールモードでエミュレーターを実行するユーザーにアクセス制限
2023-08-14,$MSFT,0.34,https://www.marketwatch.com/story/more-than-227-000-global-tech-workers-have-lost-their-jobs-so-far-this-year-7ab543a6,": More than 227,000 global tech workers have lost their jobs so far this year"
2023-08-14,$MSFT,0.9937,https://www.marketwatch.com/story/dan-loebs-third-point-wagers-on-nvidia-amazon-uber-with-new-positions-3ca0a6a8,": Dan Loeb’s Third Point wagers on Nvidia, Amazon, Uber with new positions"
2023-08-16,$MSFT,0.6486,https://www.marketwatch.com/story/profit-at-worlds-biggest-sovereign-wealth-fund-comes-roaring-back-thanks-to-tech-and-ai-8353491b,: Profit at world’s biggest sovereign-wealth fund comes roaring back thanks to tech and AI
2023-08-02,$MSFT,0.9843,https://www.forbes.com/sites/greatspeculations/2023/08/02/microsoft-stock-outperformed-the-expectations-in-q4/,Microsoft Stock Outperformed The Expectations In Q4
2023-07-26,$MSFT,-0.9838,https://biztoc.com/x/24bf48a4bb105098,The Ratings Game: Alphabet earnings remind Wall Street of Google’s AI prowess
2023-07-26,$MSFT,-0.9838,https://biztoc.com/x/2a726ba677438b81,"Stock futures fall with Fed decision, tech earnings in focus: Stock market news today"
2023-07-22,$MSFT,-0.9838,https://biztoc.com/x/f34faa18daf1dc82,Market Rally Still Healthy; 3 Stocks To Watch
2023-07-26,$MSFT,-0.9838,https://biztoc.com/x/2d7cf6d007dfaad1,"Stocks open lower with Fed decision, tech earnings in focus: Stock market news today"
2023-07-26,$MSFT,0.994,https://www.marketwatch.com/story/microsoft-and-google-cant-stop-talking-about-ai-and-this-chart-proves-it-9c334c2e,"In One Chart: Microsoft and Google can’t stop talking about AI, and this chart proves it"
2023-08-15,$MSFT,0.9994,https://www.forbes.com/sites/investor-hub/article/microsoft-stock-key-metrics/,Microsoft Stock Key Metrics
2023-07-25,$MSFT,0.9997,https://consent.google.com/ml?continue=https://news.google.com/rss/articles/CBMiS2h0dHBzOi8vd3d3LmNuYmMuY29tLzIwMjMvMDcvMjUvbWljcm9zb2Z0LW1zZnQtcTQtZWFybmluZ3MtcmVwb3J0LTIwMjMuaHRtbNIBAA?oc%3D5&gl=FR&hl=en-US&cm=2&pc=n&src=1,Microsoft (MSFT) Q4 earnings report 2023 - CNBC
2023-07-25,$MSFT,0.6249,https://consent.google.com/ml?continue=https://news.google.com/rss/articles/CBMiSGh0dHBzOi8vd3d3LmJhcnJvbnMuY29tL2FydGljbGVzL21pY3Jvc29mdC1lYXJuaW5ncy1zdG9jay1wcmljZS0yMzFlMTFhOdIBTGh0dHBzOi8vd3d3LmJhcnJvbnMuY29tL2FtcC9hcnRpY2xlcy9taWNyb3NvZnQtZWFybmluZ3Mtc3RvY2stcHJpY2UtMjMxZTExYTk?oc%3D5&gl=FR&hl=en-US&cm=2&pc=n&src=1,Microsoft Stock Slips Despite Strong Earnings. Guidance Fell Shy of Estimates. - Barron's
2023-07-24,$MSFT,-0.9739,https://www.forbes.com/sites/tomaspray/2023/07/24/the-hot-nasdaq-100-list-to-watch/,The New Nasdaq 100 List To Watch
2023-08-10,$MSFT,0.9839,https://www.marketwatch.com/story/tech-stocks-are-headed-for-their-worst-stretch-since-december-threatening-to-unravel-2023s-stock-market-rally-229364ea,"Market Extra: Tech stocks are headed for their worst stretch since December, threatening to unravel 2023’s stock-market rally"
2023-07-21,$MSFT,0.884,https://consent.google.com/ml?continue=https://news.google.com/rss/articles/CBMicGh0dHBzOi8vd3d3LmJsb29tYmVyZy5jb20vbmV3cy9hcnRpY2xlcy8yMDIzLTA3LTIxL2J1bGxpc2gtb3B0aW9uLXN0cmF0ZWdpZXMtYmV0LXRoYXQtYmlnLXRlY2gtd2lsbC1ncmluZC1oaWdoZXLSAQA?oc%3D5&gl=FR&hl=en-US&cm=2&pc=n&src=1,"Some Options Investors Are Betting Big Tech Stocks (AMZN, MSFT ... - Bloomberg"
2023-07-24,$MSFT,0.9937,https://finance.yahoo.com/news/excitement-over-generative-ai-pushed-071658761.html,Excitement Over Generative AI Pushed Microsoft Corporation (MSFT) in Q2
2023-07-21,$MSFT,-0.9838,https://biztoc.com/x/7cd811e74a856442,Wall Street heavyweights mixed ahead of Nasdaq 100 rebalance
2023-07-28,$MSFT,-0.9838,https://biztoc.com/x/f75a31c991e98677,Futures: 3 Stocks Shine Late; Nasdaq Finally Does This
2023-07-27,$MSFT,-0.9838,https://biztoc.com/x/60313819cb82f1d2,What's Going On With Nvidia Stock Thursday?
2023-08-05,$MSFT,-0.9838,https://biztoc.com/x/bef987dcd02abe30,‘Big Tech’ Earnings Review: ETFs in Focus
2023-07-21,$MSFT,-0.9838,https://biztoc.com/x/d2ac657619f69f15,Wall Street heavyweights mixed ahead of Nasdaq 100 rebalance
2023-08-08,$MSFT,0.9952,https://finance.yahoo.com/news/why-microsoft-corporation-msft-outperformed-073509490.html,Here’s Why Microsoft Corporation (MSFT) Outperformed in Q2
2023-07-28,$MSFT,-0.9838,https://biztoc.com/x/d1ed0c8e58e091d7,Here's why this AI chipmaker continues to outflank the competition
2023-07-22,$MSFT,-0.9838,https://biztoc.com/x/745b747a7f6a914d,4 ESG Stocks With Net-Zero Emissions Target in the Spotlight
2023-08-13,$MSFT,-0.8074,https://biztoc.com/x/331ab502a6651547,AI fears overblown? Theoretical physicist calls chatbots ‘glorified tape recorders’
2023-08-15,$MSFT,0.0,https://biztoc.com/x/3e2fb09461e84f10,Stock Market News Today: Markets end higher as tech stocks rebound (SP500)
2023-07-25,$MSFT,0.9999,https://consent.google.com/ml?continue=https://news.google.com/rss/articles/CBMiZWh0dHBzOi8vd3d3LmNuYmMuY29tLzIwMjMvMDcvMjUvc3RvY2tzLW1ha2luZy10aGUtYmlnZ2VzdC1tb3Zlcy1hZnRlci1ob3Vycy1tc2Z0LWdvb2dsLXNuYXAtdGRvYy5odG1s0gFpaHR0cHM6Ly93d3cuY25iYy5jb20vYW1wLzIwMjMvMDcvMjUvc3RvY2tzLW1ha2luZy10aGUtYmlnZ2VzdC1tb3Zlcy1hZnRlci1ob3Vycy1tc2Z0LWdvb2dsLXNuYXAtdGRvYy5odG1s?oc%3D5&gl=FR&hl=en-US&cm=2&pc=n&src=1,"Stocks making the biggest moves after hours: Microsoft, Alphabet, Snap, Teladoc and more - CNBC"
2023-08-09,$MSFT,0.9877,https://finance.yahoo.com/news/why-third-point-management-sized-130003027.html,Here’s Why Third Point Management Sized Up its Investment in Microsoft Corporation (MSFT)
2023-07-27,$MSFT,0.9876,https://finance.yahoo.com/news/l1-capital-international-fund-microsoft-111923760.html,L1 Capital International Fund: “Microsoft Corporation (MSFT) is a Clear and Substantial Beneficiary of AI”
2023-08-08,$MSFT,0.9923,https://finance.yahoo.com/news/microsoft-corp-msft-outperformed-q2-115632134.html,Microsoft Corp. (MSFT) Outperformed in Q2 on Introducing AI-Powered Technologies
2023-07-28,$MSFT,0.9926,https://www.forbes.com/sites/bethkindig/2023/07/28/nasdaq-rebalance-what-you-need-to-know/,Nasdaq Rebalance: What You Need To Know
2023-07-26,$MSFT,0.9967,https://finance.yahoo.com/news/unlike-alphabet-microsoft-said-something-181019638.html,"Unlike Alphabet, Microsoft Said Something That The Market Was Not Happy To Hear"
2023-07-26,$MSFT,0.7096,https://finance.yahoo.com/news/stock-futures-fall-with-fed-decision-tech-earnings-in-focus-stock-market-news-today-104931081.html,"Stock futures fall with Fed decision, tech earnings in focus: Stock market news today"
2023-08-11,$MSFT,0.9946,https://finance.yahoo.com/news/microsoft-faces-scrutiny-amid-government-165134969.html,"Microsoft Faces Scrutiny Amid Government Email Breach, WeWork Is The Latest Meme Stock, ChatGPT's Popularity Surges Despite Restrictions By Tech Giants: Today's Top Stories"
2023-07-22,$MSFT,0.9999,https://consent.google.com/ml?continue=https://news.google.com/rss/articles/CBMiXWh0dHBzOi8vd3d3LmZvb2wuY29tL2ludmVzdGluZy8yMDIzLzA3LzIyL3RoZS1taWNyb3NvZnQtYWN0aXZpc2lvbi1ibGl6emFyZC1kZWFsLW1vdmVzLWZvcndhL9IBAA?oc%3D5&gl=FR&hl=en-US&cm=2&pc=n&src=1,The Microsoft-Activision Blizzard Deal Moves Forward - The Motley Fool
2023-07-26,$MSFT,0.6249,https://consent.google.com/ml?continue=https://news.google.com/rss/articles/CBMiTWh0dHBzOi8vd3d3LmJhcnJvbnMuY29tL2FydGljbGVzL2FscGhhYmV0LXNuYXAtc3RvY2stYWR2ZXJ0aXNpbmctdGVjaC1lNjg3ZGMw0gFRaHR0cHM6Ly93d3cuYmFycm9ucy5jb20vYW1wL2FydGljbGVzL2FscGhhYmV0LXNuYXAtc3RvY2stYWR2ZXJ0aXNpbmctdGVjaC1lNjg3ZGMw?oc%3D5&gl=FR&hl=en-US&cm=2&pc=n&src=1,"Alphabet Stock Surges, Snap Tumbles. Why There's a Split in Advertising. - Barron's"
2023-07-30,$MSFT,0.998,https://www.forbes.com/sites/bill_stone/2023/07/30/gdp-report-makes-a-case-for-the-earnings-bottoming/,GDP Report Makes A Case For Earnings Bottoming
2023-08-10,$MSFT,0.9728,https://www.coindesk.com/markets/2023/08/10/aptos-token-surges-on-microsoft-partnership-ahead-of-apt-supply-unlock/,Aptos Token Surges on Microsoft Partnership Ahead of APT Supply Unlock
2023-07-21,$MSFT,0.2057,https://consent.google.com/ml?continue=https://news.google.com/rss/articles/CBMiS2h0dHBzOi8vd3d3LnRpcHJhbmtzLmNvbS9uZXdzL21pY3Jvc29mdC1zbGlwcy1hcy1mdGMtcmVsZW50cy1vbi1hdHZpLW1lcmdlctIBAA?oc%3D5&gl=FR&hl=en-US&cm=2&pc=n&src=1,FTC Relents on MSFT-ATVI Merger - TipRanks.com - TipRanks
2023-08-15,$MSFT,0.9841,https://finance.yahoo.com/news/first-eagle-investments-q2-2023-200829696.html,First Eagle Investment's Q2 2023 Portfolio Update: Key Trades and Holdings
2023-07-26,$MSFT,0.6486,https://finance.yahoo.com/news/stocks-open-lower-with-fed-decision-tech-earnings-in-focus-stock-market-news-today-133633046.html,"Stocks open lower with Fed decision, tech earnings in focus: Stock market news today"
2023-07-25,$MSFT,0.9997,https://consent.google.com/ml?continue=https://news.google.com/rss/articles/CBMiS2h0dHBzOi8vd3d3LmNuYmMuY29tLzIwMjMvMDcvMjUvbWljcm9zb2Z0LW1zZnQtcTQtZWFybmluZ3MtcmVwb3J0LTIwMjMuaHRtbNIBT2h0dHBzOi8vd3d3LmNuYmMuY29tL2FtcC8yMDIzLzA3LzI1L21pY3Jvc29mdC1tc2Z0LXE0LWVhcm5pbmdzLXJlcG9ydC0yMDIzLmh0bWw?oc%3D5&gl=FR&hl=en-US&cm=2&pc=n&src=1,Microsoft shares dip after quarterly revenue guidance misses expectations - CNBC
2023-07-25,$MSFT,0.9887,https://www.forbes.com/sites/seanhanlon-1/2023/07/25/time-for-the-little-guys/,Time For The Little Guys
2023-08-02,$MSFT,0.965,https://www.ozbargain.com.au/node/791660,Tiger Brokers - Get 5 Fractional Shares Totaling USD 50 When Fund Your Account from AUD 500
2023-08-27,$MSFT,0.4019,https://it.srad.jp/story/23/08/27/0139256/,Microsoft Edge、一部の環境でChromeのインストーラーを有害な可能性があると識別
2023-08-24,$MSFT,0.9961,https://finance.yahoo.com/news/reasons-outperformance-microsoft-msft-071136026.html,Reasons for the Outperformance of Microsoft (MSFT)
2023-08-22,$MSFT,0.9977,https://finance.yahoo.com/news/microsoft-corporation-msft-shares-rose-054027177.html,Microsoft Corporation (MSFT) Shares Rose on Strong Results
2023-08-24,$MSFT,0.7778,https://biztoc.com/x/d59495c7ff1a74c9,From Green Skies to AI-Infused Healthcare: Microsoft's Pioneering Moves in Tech
2023-08-23,$MSFT,0.9081,https://biztoc.com/x/913430a58d0f5266,Apple Stock Dividend Analysis
2023-08-23,$MSFT,0.296,https://biztoc.com/x/06077d8d371f79c0,"Nvidia stock soars to record high as earnings, forecasts crush expectations"
2023-08-23,$MSFT,0.1533,https://biztoc.com/x/b89d97a9d124101c,Generative AI Battle Forms. Should Big Tech Control Its Path?
2023-08-21,$MSFT,0.999,https://blog.eladgil.com/p/early-days-of-ai,Early Days of AI
2023-08-23,$MSFT,0.9942,https://finance.yahoo.com/news/hold-microsoft-corporation-msft-long-101526076.html,Should You Hold Microsoft Corporation (MSFT) for the Long Term?
2023-08-25,$MSFT,0.8316,https://biztoc.com/x/316859c6a2e863c8,Here's our new price target on Nvidia
2023-08-23,$MSFT,0.9994,https://www.forbes.com/sites/investor-hub/article/apple-stock-dividend-analysis/,Apple Stock Dividend Analysis
2023-08-24,$MSFT,0.6249,https://www.barrons.com/articles/splunk-stock-price-earnings-abfdf7f8,Splunk Has Been Overshadowed by Nvidia. The Stock’s About to Rally.
2023-08-20,$MSFT,-0.4939,https://dinheirama.com/microsoft-planeja-servico-de-ia-com-databricks/,Microsoft planeja serviço de IA com Databricks
2023-08-07,$MSFT,0.9818,https://www.coindesk.com/business/2023/08/07/michael-saylors-bitcoin-billions-have-rebounded-since-he-exited-ceo-job-a-year-ago/,Michael Saylor’s Bitcoin Billions Have Rebounded Since He Exited CEO Job a Year Ago
2023-08-22,$MSFT,0.4939,https://finance.yahoo.com/news/microsoft-adjusts-its-activision-deal-in-a-bid-to-win-uk-approval-111139583.html,Microsoft adjusts its Activision deal in a bid to win UK approval
2023-08-12,$MSFT,-0.7506,https://dinheirama.com/orgao-dos-eua-revisara-seguranca-de-computacao-em-nuvem-da-microsoft-apos-violacao-de-e-mails/,Órgão dos EUA revisará segurança de computação em nuvem da Microsoft após violação de e-mails
2023-08-03,$MSFT,0.9956,https://www.forbes.com/sites/jonmarkman/2023/08/02/chatgpt-microsofts-secret-weapon-for-a-315-share-price/,ChatGPT: Microsoft's Secret Weapon For A $315 Share Price!
2023-08-03,$MSFT,0.999,https://www.forbes.com/sites/gurufocus/2023/08/03/robert-olstein-buys-the-dip-on-target-exits-2-holdings/,"Robert Olstein Buys The Dip On Target, Exits 2 Holdings"
2023-08-07,$MSFT,0.9845,https://www.forbes.com/sites/jonmarkman/2023/08/07/here-is-what-the-stripe-deal-means-for-amazon/,Here Is What The Stripe Deal Means For Amazon
2023-08-16,$MSFT,0.998,https://www.forbes.com/sites/jonmarkman/2023/08/16/googles-ai-surprise-how-bard-takes-on-chatgpt/,Google's AI Surprise: How Bard Takes On ChatGPT
2023-08-02,$MSFT,0.999,https://finance.yahoo.com/news/earnings-estimates-reflect-stabilization-232400914.html,Earnings Estimates Reflect Stabilization
2023-08-09,$MSFT,0.9941,https://finance.yahoo.com/news/why-alphabet-goog-outperformed-q2-065326152.html,Here’s Why Alphabet (GOOG) Outperformed in Q2
2023-08-22,$MSFT,0.9889,https://finance.yahoo.com/news/high-quality-bond-funds-bigger-232101429.html,"High Quality Bond Funds Get Bigger, Junk And Growth Fund Shrink - ETF Winners And Losers: Mid-Cap Fund Flows"
2023-08-24,$MSFT,0.9225,https://finance.yahoo.com/news/nasdaq-futures-rise-as-nvidia-sparks-tech-rally-stock-market-news-today-123809164.html,Nasdaq futures rise as Nvidia sparks tech rally: Stock market news today
2023-08-25,$MSFT,0.6249,https://finance.yahoo.com/news/odds-ends-graniteshares-rolls-more-233110844.html,Odds & Ends: GraniteShares Rolls Out More Single Stock ETFs
2023-08-03,$MSFT,0.9341,https://finance.yahoo.com/news/russia-linked-hackers-exploit-microsoft-153608946.html,Russia-Linked Hackers Exploit Microsoft Teams Chats in 'Highly Targeted' Credential Theft Campaign: Report
2023-08-07,$MSFT,0.8817,https://finance.yahoo.com/news/google-parent-alphabets-stock-top-181902170.html,"Google Parent Alphabet's Stock Top Stories: Google's AI Exploitation, Antitrust Case and UK Data Bill"
2023-08-14,$MSFT,0.9937,https://finance.yahoo.com/news/steve-mandels-q2-2023-13f-220151528.html,Steve Mandel's Q2 2023 13F Filing Update: Key Trades and Portfolio Overview
2023-08-23,$MSFT,0.988,https://finance.yahoo.com/news/nvidia-stock-soars-to-record-high-as-earnings-forecasts-crush-expectations-202622627.html,"Nvidia stock soars to record high as earnings, forecasts crush expectations"
2023-08-24,$MSFT,0.9976,https://finance.yahoo.com/news/why-a-45b-ai-unicorn-just-got-funding-from-salesforce-nvidia-and-ashton-kutcher-190844285.html,"Why a $4.5B AI unicorn just got funding from Salesforce, Nvidia, and Ashton Kutcher"
2023-08-24,$MSFT,0.995,https://finance.yahoo.com/news/18-stocks-jim-cramer-watching-153846599.html,Here Are 18 Stocks Jim Cramer Is Watching Right Now: Is it Time For You To Invest?
2023-08-11,$MSFT,0.0,https://tw.news.yahoo.com/ai%E7%86%B1%E4%B8%8D%E6%98%AF%E7%82%92%E4%BD%9C-%E5%88%86%E6%9E%90%E5%B8%AB-%E7%A7%91%E6%8A%80%E8%82%A1%E4%B8%8B%E5%8D%8A%E5%B9%B4%E7%9C%8B%E6%BC%B215-%E6%9C%80%E5%A4%A7%E8%B4%8F%E5%AE%B6%E6%98%AF-%E8%BC%9D%E9%81%94-064900116.html,AI熱不是炒作！分析師：科技股下半年看漲15%　最大贏家是「輝達」
2023-08-06,$MSFT,0.6369,https://tw.news.yahoo.com/%E4%BD%A0%E4%B8%9F%E6%88%91%E6%92%BF-%E8%B0%B7%E6%AD%8Cq2%E6%B8%85%E5%80%89%E5%BC%8F%E6%B8%9B%E6%8C%81robinhood%E8%82%A1%E7%A5%A8%E8%BF%919%E6%88%90-%E6%9C%A8%E9%A0%AD%E5%A7%90%E4%B8%8A%E5%91%A8%E5%A4%A7%E8%B2%B793%E8%90%AC%E8%82%A1-022729164.html,你丟我撿？谷歌Q2清倉式減持Robinhood股票近9成　木頭姐上周大買93萬股
2023-08-06,$MSFT,0.0,https://tw.news.yahoo.com/%E5%9C%A8%E9%87%8E%E9%BB%A8%E9%80%A3%E7%92%B0%E8%BD%9F%E7%89%B9%E5%88%A5%E9%A0%90%E7%AE%97%E6%A1%88-%E8%B2%A1%E6%94%BF%E9%83%A8%E5%8D%83%E5%AD%97%E8%AA%AA%E6%98%8E-%E9%99%B3%E5%BB%BA%E4%BB%81-%E4%B8%8D%E5%BF%8D%E4%BA%86-%E5%97%86%E9%80%99%E5%8F%A5-041700928.html,在野黨連環轟特別預算案　財政部千字說明、陳建仁「不忍了」嗆這句
2023-08-06,$MSFT,0.6249,https://tw.news.yahoo.com/%E5%88%86%E6%9E%90%E5%B8%AB%E6%8E%A8%E8%96%A6%E5%90%8C1%E6%94%AF%E8%82%A1%E7%A5%A8-%E7%82%BA%E4%BD%953%E5%8F%8B%E4%BA%BA%E7%8D%B2%E5%88%A9%E7%8E%87%E8%83%BD%E7%9B%B8%E5%B7%AE210-%E8%82%A1%E5%B8%82%E8%A3%A1%E6%9C%83%E9%A3%BD%E8%B3%BA%E5%92%8C%E6%85%98%E8%B3%A0%E7%9A%84%E6%8A%95%E8%B3%87%E4%BA%BA%E6%80%9D%E7%B6%AD%E5%B7%AE%E7%95%B0-032108522.html,分析師推薦同1支股票，為何3友人獲利率能相差210％？股市裡會飽賺和慘賠的投資人思維差異
2023-08-06,$MSFT,0.6369,https://tw.news.yahoo.com/lk-99%E7%87%83%E8%B5%B7%E6%96%B0%E7%81%AB%E8%8A%B1-%E8%B6%85%E5%B0%8E%E9%AB%94%E5%B0%87%E6%88%90%E7%82%BA%E6%96%B0%E6%88%B0%E5%A0%B4-022700905.html,LK-99燃起新火花　超導體將成為新戰場
2023-08-23,$MSFT,-0.6369,https://dinheirama.com/chefe-da-industria-da-ue-insta-big-techs-a-seguir-novas-regras-de-conteudo-online/,Chefe da Indústria da UE insta Big Techs a seguir novas regras de conteúdo online
2023-08-08,$MSFT,-0.7269,https://devblogs.microsoft.com/dotnet/august-2023-updates/,".NET August 2023 Updates – .NET 7.0.10, .NET 6.0.21"
2023-08-01,$MSFT,0.0,https://tw.news.yahoo.com/%E7%BE%8E%E8%82%A13%E9%BB%911%E7%B4%85-%E9%81%93%E6%8C%87%E5%85%A8%E9%9D%A0-%E6%99%AF%E6%B0%A3%E9%A2%A8%E5%90%91%E7%90%83-%E6%92%90%E8%85%B0-012815716.html,美股3黑1紅　道指全靠「景氣風向球」撐腰
2023-08-15,$MSFT,0.0,https://tw.news.yahoo.com/%E4%B8%AD%E5%9C%8B%E7%B6%93%E6%BF%9F%E5%A0%AA%E6%86%82-%E6%83%A0%E8%AD%BD%E8%AD%A6%E7%A4%BA-%E7%BE%8E%E8%82%A1%E6%85%98%E4%BA%86-%E9%81%93%E7%93%8A%E5%A4%A7%E8%B7%8C361%E9%BB%9E-%E5%8F%B0%E7%A9%8D%E9%9B%BBadr%E5%85%A8%E6%B7%AA%E9%99%B7-235800872.html,「中國經濟堪憂＋惠譽警示」美股慘了！道瓊大跌361點　台積電ADR全淪陷
2023-08-14,$MSFT,0.0,https://tw.stock.yahoo.com/news/%E8%83%BD%E6%BA%90%E7%9B%A4%E5%BE%8C-%E9%80%A3%E6%BC%B27%E5%91%A8%E5%BE%8C-%E4%B8%AD%E5%9C%8B%E6%88%BF%E5%9C%B0%E7%94%A2%E6%A5%AD%E5%9B%B0%E5%A2%83%E6%88%90%E5%9B%9E%E8%AA%BF%E8%A7%B8%E5%AA%92-%E5%8E%9F%E6%B2%B9%E6%94%B6%E4%BD%8E-230208186.html,〈能源盤後〉連漲7周後 中國房地產業困境成回調觸媒 原油收低
2023-08-16,$MSFT,0.0,https://tw.stock.yahoo.com/news/%E7%BE%8E%E8%82%A1%E9%87%8D%E9%BB%9E%E6%96%B0%E8%81%9E%E6%91%98%E8%A6%812023%E5%B9%B408%E6%9C%8817%E6%97%A5-231101099.html,美股重點新聞摘要2023年08月17日
2023-08-22,$MSFT,0.7184,https://tw.stock.yahoo.com/news/%E9%AB%98%E7%9B%9B%E5%88%97marvell%E7%82%BAai%E9%95%B7%E6%9C%9F%E5%8F%97%E6%83%A0%E8%82%A1-%E8%B2%A1%E7%B6%93%E5%90%8D%E5%98%B4-%E9%80%99%E5%AE%B6%E5%85%AC%E5%8F%B8%E5%9D%90%E6%93%81%E9%87%91%E7%A4%A6-034701072.html,高盛列Marvell為AI長期受惠股 財經名嘴：這家公司坐擁金礦
2023-08-17,$MSFT,0.0,https://tw.news.yahoo.com/%E7%BE%8E%E5%82%B5%E6%AE%96%E5%88%A9%E7%8E%87%E7%BA%8C%E9%A3%86-%E7%BE%8E%E8%82%A1%E9%A0%82%E4%B8%8D%E4%BD%8F-%E5%9B%9B%E5%A4%A7%E6%8C%87%E6%95%B8%E9%80%A3%E4%B8%89%E9%BB%91-%E9%81%93%E7%93%8A%E9%87%8D%E6%8C%AB290%E9%BB%9E-232700900.html,美債殖利率續飆「美股頂不住」！四大指數連三黑　道瓊重挫290點
2023-08-07,$MSFT,0.0,https://tw.news.yahoo.com/%E9%87%8E%E6%9D%91-%E7%BE%8E%E5%9C%8B%E7%B5%90%E6%9D%9F%E5%8D%87%E6%81%AF%E5%BE%AA%E7%92%B0-%E8%82%A1%E5%82%B5%E9%9B%99%E6%BC%B2%E6%A9%9F%E7%8E%87%E9%AB%98-183142996.html,野村：美國結束升息循環 股債雙漲機率高
2023-08-23,$MSFT,0.9994,https://www.forbes.com/sites/investor-hub/article/what-is-portfolio-income/,What Is Portfolio Income?
2023-08-17,$MSFT,0.9986,https://finance.yahoo.com/news/20-most-influential-economists-world-170356237.html,20 Most influential Economists in the World
2023-07-31,$MSFT,0.9891,https://macdailynews.com/2023/07/31/apple-shares-hit-new-all-time-closing-high-230731/,Apple shares hit new all-time closing high
2023-08-15,$MSFT,0.9999,https://www.forbes.com/sites/jimosman/2023/08/15/microsoft-stock-is-set-to-skyrocket-into-the-ai-future/,Microsoft Stock Is Set To Skyrocket Into The AI Future
2023-08-01,$MSFT,0.0,https://tw.stock.yahoo.com/news/%E8%B2%A1%E6%98%9F-%E4%B8%96%E7%95%8C500%E5%BC%B7%E6%8E%92%E8%A1%8C%E6%A6%9C%E6%8F%AD%E6%9B%89-%E6%B2%83%E7%88%BE%E7%91%AA%E9%80%A3%E7%BA%8C%E7%AC%AC%E5%8D%81%E5%B9%B4%E8%9F%AC%E8%81%AF%E5%86%A0%E8%BB%8D-063330454.html,《財星》世界500強排行榜揭曉 沃爾瑪連續第十年蟬聯冠軍
2023-08-11,$MSFT,0.0,https://tw.stock.yahoo.com/news/ai%E4%B8%8D%E6%98%AF%E7%82%92%E4%BD%9C-%E5%88%86%E6%9E%90%E5%B8%AB-%E7%A7%91%E6%8A%80%E8%82%A1%E5%8F%AA%E6%98%AF%E6%9A%AB%E6%99%82%E5%9B%9E%E8%AA%BF-%E4%B8%8B%E5%8D%8A%E5%B9%B4%E7%9C%8B%E6%BC%B215-%E9%A6%96%E9%81%B8%E8%BC%9D%E9%81%94-024631719.html,AI不是炒作?分析師：科技股只是暫時回調 下半年看漲15% 首選輝達
2023-08-24,$MSFT,0.0,https://tw.news.yahoo.com/fed%E5%AE%98%E5%93%A1%E6%94%BE%E9%B7%B9-%E8%BC%9D%E9%81%94%E4%B9%9F%E9%9B%A3%E6%95%91-%E7%BE%8E%E8%82%A1%E5%9B%9B%E5%A4%A7%E6%8C%87%E6%95%B8%E5%85%A8%E6%94%B6%E9%BB%91-%E9%81%93%E7%93%8A%E4%B8%8B%E6%AE%BA%E9%80%BE370%E9%BB%9E-234000157.html,FED官員放鷹「輝達也難救」！美股四大指數全收黑　道瓊下殺逾370點
2023-08-04,$MSFT,0.9995,https://www.forbes.com/sites/annrutledge/2023/08/04/credit-needs-a-new-mind-blog-for-the-99965/,Credit Needs A New Mind: Blog For The 99.965%
2023-08-10,$MSFT,0.9958,https://www.forbes.com/sites/bethkindig/2023/08/10/alphabet-stock-search-giant-is-just-getting-started/,Alphabet Stock: Search Giant Is Just Getting Started
2023-08-15,$MSFT,0.9977,https://www.forbes.com/sites/bill_stone/2023/08/15/berkshire-hathaways-second-quarter-2023-portfolio-moves/,Berkshire Hathaway’s Second Quarter 2023 Portfolio Moves
2023-08-10,$MSFT,0.5106,https://tw.stock.yahoo.com/news/%E7%A7%91%E6%8A%80%E8%82%A1%E7%86%84%E7%81%AB-%E9%82%81%E5%90%9112%E6%9C%88%E8%BF%84%E4%BB%8A%E6%9C%80%E7%B3%9F%E8%A1%A8%E7%8F%BE-%E4%BB%8A%E5%B9%B4%E7%BE%8E%E8%82%A1%E6%BC%B2%E5%8B%A2%E4%BF%9D%E5%BE%97%E4%BD%8F%E5%97%8E-034025914.html,科技股熄火、邁向12月迄今最糟表現 今年美股漲勢保得住嗎？
2023-08-13,$MSFT,0.0,https://tw.stock.yahoo.com/news/%E5%8F%B0%E8%82%A1%E7%9B%A4%E5%89%8D%E8%A6%81%E8%81%9E-%E5%8F%B0%E8%82%A1%E4%BF%AE%E6%AD%A3%E6%9C%9F%E6%8B%89%E9%95%B7-%E8%85%B8%E7%97%85%E6%AF%92%E7%96%AB%E8%8B%97%E9%96%8B%E5%A7%8B%E9%8B%AA%E8%B2%A8-%E4%BB%8A%E6%97%A5%E5%BF%85%E7%9C%8B%E8%B2%A1%E7%B6%93%E6%96%B0%E8%81%9E-211003899.html,〈台股盤前要聞〉台股修正期拉長、腸病毒疫苗開始鋪貨 今日必看財經新聞
2023-08-24,$MSFT,0.3818,https://tw.stock.yahoo.com/news/%E4%BC%8D%E5%BE%B7%E7%82%BA%E4%BD%95%E6%B8%85%E5%85%89%E8%BC%9D%E9%81%94%E6%8C%81%E8%82%A1-%E5%A5%B3%E8%82%A1%E7%A5%9E%E7%8F%BE%E5%9C%A8%E5%8F%88%E5%B1%AC%E6%84%8F%E5%93%AA%E5%AE%B6-022010232.html,伍德為何清光輝達持股？女股神現在又屬意哪家？
2023-08-23,$MSFT,0.0,https://tw.stock.yahoo.com/news/%E9%AB%98%E7%9B%9B-ai%E8%82%A1%E5%A4%A7%E8%B4%8F%E5%AE%B6-%E9%99%A4%E8%BC%9D%E9%81%94%E5%A4%96%E9%80%99%E4%BA%9B%E5%80%8B%E8%82%A1%E4%B9%9F%E5%80%BC%E5%BE%97%E9%97%9C%E6%B3%A8-094707579.html,高盛：AI股大贏家 除輝達外這些個股也值得關注
2023-08-26,$MSFT,0.1108,https://fool.libsyn.com/companies-going-on-offense,Companies Going on Offense
2023-08-13,$MSFT,0.9892,https://finance.yahoo.com/news/why-cooling-inflation-may-be-good-news-for-tech-stocks-120320814.html,Why cooling inflation may be good news for tech stocks
2023-08-22,$MSFT,0.7907,https://finance.yahoo.com/news/nvidia-stock-hype-is-out-of-control-meaning-investors-may-be-overlooking-this-one-key-risk-122253540.html,"Nvidia stock hype is out of control, meaning investors may be overlooking this one key risk"
2023-08-28,$MSFT,0.0,https://tw.stock.yahoo.com/news/%E5%8F%B0%E8%82%A1%E7%9B%A4%E5%89%8D-%E5%B0%8F%E5%8F%8D%E5%BD%88%E8%B5%B0%E5%8B%A2%E5%BE%8C-%E5%A4%9A%E6%96%B9%E6%AD%A3%E5%BE%85%E9%80%99-%E4%BF%A1%E8%99%9F-%E5%87%BA%E7%8F%BE%E5%86%8D%E6%8F%AE%E5%BC%B7%E6%A3%92-235355551.html,〈台股盤前〉小反彈走勢後 多方正待這「信號」出現再揮強棒
2023-08-01,$MSFT,0.0,https://tw.stock.yahoo.com/news/%E5%8F%B0%E8%82%A1%E7%9B%A4%E5%89%8D-%E9%AB%98%E6%AA%94%E5%8F%8D%E8%A6%86%E6%8C%AF%E7%9B%AA%E4%B8%ADabf%E9%A1%9E%E8%82%A1%E6%8A%97%E9%9C%87-%E4%BD%86%E5%A4%A7%E7%9B%A4%E6%95%B4%E7%90%86%E6%9C%9F%E6%81%90%E6%8B%89%E9%95%B7-001158796.html,〈台股盤前〉高檔反覆振盪中ABF類股抗震 但大盤整理期恐拉長
2023-08-22,$MSFT,0.9919,https://www.cnn.com/2023/08/22/tech/microsoft-activision-new-proposal-uk-regulator/index.html,Microsoft gives ground on streaming in bid to remove UK block on Activision deal
2023-08-25,$MSFT,0.0,https://tw.news.yahoo.com/fed%E4%B8%BB%E5%B8%AD-%E9%B7%B9%E9%B4%BF%E5%85%BC%E6%96%BD-%E7%BE%8E%E8%82%A1%E6%AD%A2%E8%B7%8C-%E5%9B%9B%E5%A4%A7%E6%8C%87%E6%95%B8%E5%85%A8%E6%94%B6%E7%B4%85-%E9%81%93%E7%93%8A%E5%BC%B7%E5%BD%88%E9%80%BE240%E9%BB%9E-234600780.html,FED主席「鷹鴿兼施」美股止跌！四大指數全收紅　道瓊強彈逾240點
2023-08-09,$MSFT,0.9782,https://finance.yahoo.com/news/microsoft-debuts-ai-for-frontline-workers-150118325.html,Microsoft debuts AI for frontline workers
2023-08-08,$MSFT,0.8288,https://finance.yahoo.com/news/3-reasons-why-the-stock-market-rally-may-be-stopped-in-its-tracks-135810619.html,3 reasons why the stock market rally may be stopped in its tracks
2023-08-15,$MSFT,0.6249,https://finance.yahoo.com/news/yacktman-asset-managements-q2-2023-201157711.html,Yacktman Asset Management's Q2 2023 13F Filing Update
2023-08-14,$MSFT,-0.5106,https://finance.yahoo.com/news/buffetts-berkshire-hathaway-reveals-new-homebuilder-bets-with-dr-horton-lennar-nvr-stakes-220204218.html,"Buffett's Berkshire Hathaway reveals new homebuilder bets with D.R. Horton, Lennar, NVR stakes"
2023-08-14,$MSFT,0.6249,https://finance.yahoo.com/news/bill-gates-q2-2023-investment-220149234.html,Bill Gates' Q2 2023 Investment Moves: A Deep Dive
2023-08-14,$MSFT,0.6369,https://tw.news.yahoo.com/%E6%B3%95%E5%BE%8B%E6%95%99%E5%AE%A4-%E6%AF%9B%E5%B0%8F%E5%AD%A9%E6%98%AF-%E5%AE%B6%E4%BA%BA-%E5%91%BC%E7%B1%B2%E4%BF%AE%E6%B3%95%E7%AC%A6%E5%90%88%E7%8F%BE%E6%B3%81-%E7%99%BE%E5%82%B3%E5%AA%92-000000108.html,法律教室｜毛小孩是「家人」　呼籲修法符合現況 - 百傳媒
2023-08-01,$MSFT,0.9965,https://finance.yahoo.com/news/meta-stock-just-had-a-monster-july-and-heres-why-august-could-be-sizzling-too-133326884.html,"Meta stock just had a monster July, and here's why August could be sizzling too"
2023-07-31,$MSFT,0.9973,https://finance.yahoo.com/news/ebay-turns-ai-attempt-tech-185529369.html,eBay Turns To AI On Its Attempt Of Tech-Led Business Reimagination
2023-08-13,$MSFT,0.9783,https://www.cnn.com/2023/08/13/business/ai-quantum-computer-kaku?cid=external-feeds_iluminar_yahoo,AI fears overblown? Theoretical physicist calls chatbots ‘glorified tape recorders’
2023-08-14,$MSFT,0.6249,https://finance.yahoo.com/news/robert-karrs-q2-2023-13f-220322244.html,Robert Karr's Q2 2023 13F Filing Update: Top Trades and Portfolio Overview
2023-08-14,$MSFT,0.6249,https://finance.yahoo.com/news/paul-tudor-jones-q2-2023-205114125.html,Paul Tudor Jones' Q2 2023 13F Filing Update: Top Trades and Portfolio Overview
2023-08-04,$MSFT,0.9703,https://www.cnn.com/2023/08/04/tech/google-antitrust-lawsuit?cid=external-feeds_iluminar_yahoo,Judge narrows Trump-era Google antitrust case brought by states and the Justice Department
2023-08-24,$MSFT,0.9855,https://ritholtz.com/2023/08/forget-the-iphone-blackberry-is-still-the-one-to-beat/,Forget the iPhone: BlackBerry is still the one to beat
2023-09-05,$MSFT,0.9911,https://finance.yahoo.com/news/why-microsoft-corporation-msft-outperformed-124119987.html,Here’s Why Microsoft Corporation (MSFT) Outperformed in Q2
2023-08-30,$MSFT,0.2023,https://biztoc.com/x/55b770841a5e2167,Rising labor costs are making AI stocks even more attractive
2023-08-30,$MSFT,0.2023,https://biztoc.com/x/861847fe9801dc59,Rising labor costs are making AI stocks even more attractive
2023-09-04,$MSFT,0.9652,https://www.forbes.com/sites/greatspeculations/2023/09/04/dow-stocks-to-trade-in-september/,Dow Stocks To Trade In September
2023-08-29,$MSFT,0.9958,https://www.marketwatch.com/story/want-to-diversify-your-stock-market-investments-away-from-top-heavy-indexes-heres-another-easy-way-cdcde04e,Deep Dive: Want to diversify your stock-market investments away from top-heavy indexes? Here’s another easy way.
2023-08-30,$MSFT,0.7013,https://finance.yahoo.com/news/nvidia-just-hit-record-highs-but-stock-may-still-be-cheap-says-analyst-190648625.html,"Nvidia just hit record highs, but stock may still be 'cheap', says analyst"
2023-09-05,$MSFT,0.9995,https://finance.yahoo.com/news/market-may-broadening-cathie-wood-135253154.html,‘Market May Be Broadening Out’: Cathie Wood Loads Up on These 2 Innovation Stocks
2023-09-01,$MSFT,0.902,https://www.forbes.com/sites/jonmarkman/2023/08/31/alphabet-sheds-workers-but-gains-respect/,ALPHABET SHEDS WORKERS BUT GAINS RESPECT
2023-08-31,$MSFT,-0.3818,https://dinheirama.com/microsoft-separa-teams-do-office-e-tenta-evitar-multa-antitruste-na-ue/,Microsoft separa Teams do Office e tenta evitar multa antitruste na UE
2023-09-01,$MSFT,0.9582,https://www.cnn.com/2023/08/31/tech/microsoft-teams-office-split-europe?cid=external-feeds_iluminar_yahoo,Microsoft splits Teams from Office in Europe after EU pressure
2023-08-29,$MSFT,0.0,https://tw.news.yahoo.com/%E8%BC%9D%E9%81%94-%E8%98%8B%E6%9E%9C-%E9%9B%99%E6%95%88%E6%87%89-%E5%9B%9B%E5%A4%A7%E6%8C%87%E6%95%B8%E9%80%A33%E6%97%A5%E5%BC%B7%E5%BD%88-%E9%81%93%E7%93%8A%E5%86%8D%E5%99%B4%E9%80%BE290%E9%BB%9E-233900680.html,「輝達＋蘋果」雙效應！四大指數連3日強彈　道瓊再噴逾290點
2023-08-31,$MSFT,0.0,https://tw.news.yahoo.com/%E9%81%93%E7%93%8A%E9%80%A34%E7%B4%85%E7%84%A1%E5%8A%9B-%E9%96%8B%E9%AB%98%E8%B5%B0%E4%BD%8E-%E9%82%A3%E6%96%AF%E9%81%94%E5%85%8B%E6%9C%88%E8%B7%8C2-17-%E5%8F%B0%E7%A9%8D%E9%9B%BBadr%E4%B9%9F%E6%94%B6%E9%BB%91-235300889.html,道瓊連4紅無力「開高走低」！那斯達克月跌2.17%　台積電ADR也收黑
2023-09-05,$MSFT,0.0,https://tw.news.yahoo.com/%E6%B2%B9%E5%83%B9%E9%A3%86%E6%BC%B2%E6%96%BD%E5%A3%93-%E7%BE%8E%E8%82%A1%E4%B8%8B%E6%AE%BA195%E9%BB%9E-%E4%B8%89%E5%A4%A7%E6%8C%87%E6%95%B8%E6%94%B6%E9%BB%91-%E5%8F%B0%E7%A9%8D%E9%9B%BBadr%E5%8F%8D%E6%BC%B2%E9%80%BE1-000000307.html,油價飆漲施壓！美股下殺195點「三大指數收黑」　台積電ADR反漲逾1%
2023-09-01,$MSFT,0.0,https://tw.news.yahoo.com/%E9%9D%9E%E8%BE%B2%E5%B0%B1%E6%A5%AD%E6%95%B8%E6%86%82%E5%96%9C%E5%8F%83%E5%8D%8A-%E5%9B%9B%E5%A4%A7%E6%8C%87%E6%95%B8%E9%96%8B%E9%AB%98-%E5%A4%9A%E6%94%B6%E6%BC%B2-%E8%BC%9D%E9%81%94%E6%94%B6%E9%BB%91%E5%BE%AE%E7%96%B2%E5%BC%B1-234700272.html,非農就業數憂喜參半！四大指數開高「多收漲」　輝達收黑微疲弱
2023-08-30,$MSFT,0.0,https://tw.news.yahoo.com/%E7%B6%93%E6%BF%9F%E6%95%B8%E6%93%9A%E4%B8%8D%E5%A6%82%E9%A0%90%E6%9C%9F-%E7%BE%8E%E8%82%A1%E9%9C%87%E7%9B%AA%E6%94%B6%E7%B4%85-%E8%98%8B%E6%9E%9C%E9%A0%98%E8%BB%8D-%E8%BC%9D%E9%81%94%E5%86%8D%E5%89%B5%E6%96%B0%E9%AB%98-%E9%81%93%E7%93%8A%E9%80%A34%E7%B4%85-234200730.html,「經濟數據不如預期」美股震盪收紅！蘋果領軍、輝達再創新高　道瓊連4紅
2023-08-31,$MSFT,0.0,https://tw.stock.yahoo.com/news/%E7%BE%8E%E5%9B%9B%E5%A4%A7%E7%A7%91%E6%8A%80%E5%B7%A8%E9%A0%AD%E5%9C%A810%E5%B9%B4%E5%85%A7%E5%A4%A7%E8%B2%B71%E5%85%86%E7%BE%8E%E5%85%83%E5%BA%AB%E8%97%8F%E8%82%A1-%E8%B6%85%E9%81%8E%E7%89%B9%E6%96%AF%E6%8B%89%E5%B8%82%E5%80%BC-105041162.html,美四大科技巨頭在10年內大買1兆美元庫藏股 超過特斯拉市值
2023-09-05,$MSFT,0.5423,https://tw.stock.yahoo.com/news/%E7%BE%8E%E8%82%A1%E7%9B%A4%E5%BE%8C-%E7%BE%8E%E5%82%B5%E6%AE%96%E5%88%A9%E7%8E%87-%E6%B2%B9%E5%83%B9%E6%94%80%E9%AB%98%E6%89%93%E5%A3%93%E7%BE%8E%E8%82%A1-%E4%B8%89%E5%A4%A7%E6%8C%87%E6%95%B8%E6%94%B6%E9%BB%91-211720634.html,〈美股盤後〉美債殖利率、油價攀高打壓美股 三大指數收黑
2023-08-31,$MSFT,0.7209,https://finance.yahoo.com/news/goldman-sachs-fintech-unit-faces-155747184.html,"Goldman Sachs' Fintech Unit Faces Scrutiny, EU Probe Prompts Microsoft To Unbundle Teams App, UBS Records Bumper Q2 Profit Thanks To Goodwill: Today's Top Stories"
2023-08-29,$MSFT,0.9982,https://finance.yahoo.com/news/chinas-response-shield-economy-real-160602269.html,"China's Response To Shield Economy From Real Estate Storm, Biden Targets Cancer, Diabetes Drugs In Controversial Medicare Price Battle, Google Collaborates With Nvidia In AI Expansion: Today's Top Stories"
2023-08-31,$MSFT,0.8922,https://fool.libsyn.com/salesforce-rights-the-ship,Salesforce Rights The Ship
2023-08-30,$MSFT,0.9968,https://finance.yahoo.com/news/magnificent-seven-investing-playbook-how-high-can-nvidia-stock-go-173709783.html,'Magnificent Seven' investing playbook: How high can Nvidia stock go?
2023-08-30,$MSFT,0.0,https://tw.stock.yahoo.com/news/%E6%8D%B6%E5%BF%83%E8%82%9D%E4%B9%9F%E6%B2%92%E7%94%A8-%E7%B6%93%E7%90%86%E4%BA%BA%E5%AB%8C%E8%B2%B4%E4%B8%8D%E8%B2%B7%E8%BC%9D%E9%81%94-%E5%9F%BA%E9%87%91%E6%A5%AD%E7%B8%BE%E6%81%90%E7%81%B0%E9%A0%AD%E5%9C%9F%E8%87%89-041643079.html,捶心肝也沒用！經理人嫌貴不買輝達 基金業績恐灰頭土臉
2023-08-31,$MSFT,0.9582,https://www.cnn.com/2023/08/31/tech/microsoft-teams-office-split-europe/index.html,Microsoft will split Teams from Office in Europe after EU pressure
